REF_ID,COLL_METHOD,GEAR_NOTES,COLL_NOTES,FIELD_PRES_METH_TYPE,FIELD_PRES_CHEM,FIELD_CHEM_PCT,FIELD_PRES_PHYS_METH,FIELD_PRES_NOTES,LAB_PRES_METH_TYPE,LAB_PRES_CHEM,LAB_CHEM_PCT,LAB_PRES_PHYS_METH,LAB_PRES_NOTES,DIET_ANALYSIS_METHODS,DIET_NOTES
41b,hook and line,NA,Collected at 1955 Alabama Deep Sea Fishing Rodeo,chemical,formalin,10,NA,NA,NA,NA,NA,NA,NA,NA,NA,,,,,,
41b,shrimp trawl,otter trawl,Collected at 1955 Alabama Deep Sea Fishing Rodeo,chemical,formalin,10,NA,NA,NA,NA,NA,NA,NA,NA,NA,,,,,,
40c,hook and line,NA,NA,preserved (method not specified),NA,NA,NA,NA,NA,NA,NA,NA,NA,NA,NA,,,,,,
40c,midwater trawl,NA,NA,preserved (method not specified),NA,NA,NA,NA,NA,NA,NA,NA,NA,NA,NA,,,,,,
40c,gill net,NA,NA,preserved (method not specified),NA,NA,NA,NA,NA,NA,NA,NA,NA,NA,NA,,,,,,
40c,nekton net,NA,NA,preserved (method not specified),NA,NA,NA,NA,NA,NA,NA,NA,NA,NA,NA,,,,,,
40c,plankton net,NA,NA,preserved (method not specified),NA,NA,NA,NA,NA,NA,NA,NA,NA,NA,NA,,,,,,
8f,nueston net,NA,1985; larvae and post larvae collections,chemical,formalin,10,NA,NA,NA,NA,NA,NA,NA,NA,NA,,,,,,
8f,bongo net,NA,1985; larvae and post larvae collections,chemical,formalin,10,NA,NA,NA,NA,NA,NA,NA,NA,NA,,,,,,
8f,nueston net,NA,1986; larvae and post larvae collections,chemical,ethanol,95,NA,NA,NA,NA,NA,NA,NA,NA,NA,,,,,,
8f,bongo net,NA,1986; larvae and post larvae collections,chemical,ethanol,95,NA,NA,NA,NA,NA,NA,NA,NA,NA,,,,,,
8f,shrimp trawl,NA,"1985-1987, in US waters; juvenile collections",physical,NA,NA,frozen,NA,NA,NA,NA,NA,NA,NA,NA,,,,,,
8f,almadrabas ,NA,"1983, in Mexico; juvenile collections",chemical,formalin,10,NA,NA,NA,NA,NA,NA,NA,NA,NA,,,,,,
5k,NA,NA,NA,NA,NA,NA,NA,NA,NA,NA,NA,NA,NA,NA,NA,,,,,,
10k,beach seine,NA,"Galveston, Cedar Bayou",NA,NA,NA,NA,NA,NA,NA,NA,NA,NA,NA,NA,,,,,,
10k,hook and line,NA,"from charter boats, Galveston, Rockport, and Port Aransas",NA,NA,NA,NA,NA,NA,NA,NA,NA,NA,NA,NA,,,,,,
10k,hook and line,NA,"by commercial fishermen, Galveston ",NA,NA,NA,NA,NA,NA,NA,NA,NA,NA,NA,NA,,,,,,
46m,pole and line,"with ""hoodie"" or feathered jig, collected while trolling bait behind slow moving boat",NA,chemical,formalin,10,NA,NA,chemical,methanol,70,NA,NA,NA,NA,,,,,,
6p,trawl,"20m beam trawl, 5.5m mouth opening, 3.85cm mesh, 5-6km/hr tow speed",NA,chemical,formalin,10,NA,NA,chemical,alcohol metilico,70,NA,NA,NA,NA,,,,,,
11r,beach seine,NA,Galveston coast,NA,NA,NA,NA,NA,NA,NA,NA,NA,NA,NA,NA,,,,,,
11r,hook and line,NA,"from the surf, wharves and jetties in Galveston, Texas City, and Dickinson Bayou",NA,NA,NA,NA,NA,NA,NA,NA,NA,NA,NA,NA,,,,,,
11r,hook and line,NA,from commercial fishermen from out in the Gulf,NA,NA,NA,NA,NA,NA,NA,NA,NA,NA,NA,NA,,,,,,
6s,hook and line,NA,NA,chemical,formalin,10,NA,NA,NA,NA,NA,NA,NA,NA,NA,,,,,,
6s,gill net,NA,NA,chemical,formalin,10,NA,NA,NA,NA,NA,NA,NA,NA,NA,,,,,,
6s,seines,NA,NA,chemical,formalin,10,NA,NA,NA,NA,NA,NA,NA,NA,NA,,,,,,
11v,hook and line,NA,NA,NA,NA,NA,NA,NA,NA,NA,NA,NA,NA,NA,NA,,,,,,
11v,otter trawl,NA,NA,NA,NA,NA,NA,NA,NA,NA,NA,NA,NA,NA,NA,,,,,,
11v,push-net,NA,NA,NA,NA,NA,NA,NA,NA,NA,NA,NA,NA,NA,NA,,,,,,
11v,plankton net,NA,NA,NA,NA,NA,NA,NA,NA,NA,NA,NA,NA,NA,NA,,,,,,
11v,cast net,NA,NA,NA,NA,NA,NA,NA,NA,NA,NA,NA,NA,NA,NA,,,,,,
19l,NA,NA,NA,NA,NA,NA,NA,NA,NA,NA,NA,NA,NA,NA,NA,,,,,,
6v,la red de cerca,25 x 6 m aberturia de malla de 1 mm (see p. 22),NA,chemical,formalin,30,NA,NA,chemical,alcohol metilico,80,NA,NA,NA,NA,,,,,,
6y,un chinchorro,400 m de longitud y de 4 m de altura de 1.75 de pulgada de luz de malla,NA,chemical,formalin,10,NA,NA,chemical,alcohol metilico,70,NA,NA,NA,NA,,,,,,
33f,trawl,NA,NA,chemical,formalin,10,NA,"Guts are placed in cheesecloth bags, then placed in the formalin (Personal communication with Bob McMichael of FWRI)",NA,NA,NA,NA,,NA,NA,,,,,,
33f,hook and line,NA,NA,chemical,formalin,10,NA,"Guts are placed in cheesecloth bags, then placed in the formalin (Personal communication with Bob McMichael of FWRI)",NA,NA,NA,NA,,NA,NA,,,,,,
33f,bagseine,"21.3 center-bag seine, 3.1mm mesh, leads spaced every 150mm, boat set.",NA,chemical,formalin,10,NA,"Guts are placed in cheesecloth bags, then placed in the formalin (Personal communication with Bob McMichael of FWRI)",NA,NA,NA,NA,,NA,NA,,,,,,
30l,NA,NA,NA,NA,NA,NA,NA,NA,NA,NA,NA,NA,NA,NA,NA,,,,,,
14a,chinchorro,30 metros de longitud con 2.3 metros de caida y una abertura de 1/4 de pulgada,NA,chemical,formalin,10,NA,NA,NA,NA,NA,NA,los peces >10cm inyectaron por via anal,NA,NA,,,,,,
58m,chinchorro playero,"50 mts de largo por 4 mts de altura y luz de malla de 1.5 """,NA,chemical,formalin,38,NA,NA,NA,NA,NA,NA,inyectandolos por el ano con el cual se renaron los procesos digestivos. En le laboratorio se lavaron los organismos con agua corriente y etiquetados en frascos de vidrio con alcohol al 70%.,NA,NA,,,,,,
1p,chinchorro playero,700m de relinga por 4 m de caida con una malla de 5 cm y un capo de 5 m,NA,chemical,formalin,70,NA,NA,NA,NA,NA,NA,inyecto formal al 10% en la cavidad abdominal,NA,NA,,,,,,
2p,una red de arrastre camaronera,NA,Stations 1 - 4,chemical,formalin,30,NA,NA,NA,NA,NA,NA,inyecto formal al 10% en la cavidad abdominal por organism >10cm,NA,NA,,,,,,
2p,una red de plancton ,NA,Station 5,chemical,formalin,30,NA,NA,NA,NA,NA,NA,inyecto formal al 10% en la cavidad abdominal por organism >10cm,NA,NA,,,,,,
2p,un equipo de electro pesca,NA,Station 5,chemical,formalin,30,NA,NA,NA,NA,NA,NA,inyecto formal al 10% en la cavidad abdominal por organism >10cm,NA,NA,,,,,,
12r,una red charalera,50 metros de longitud cuya abertura de malla es de 3/4 de pulgada y un ancho de 1.5 metros,NA,chemical,formalin,10,NA,NA,NA,NA,NA,NA,neutralizado con borato de sodio; los peces menores de ~10cm; inyecto formal al 10% neutralizado con borato de sodio en los peces de mediano (de ~10 - 30 cm); see text on pages 5-6 for peces >30cm,NA,NA,,,,,,
12r,una red de renfros a manera de chinchorro,"una longitud de 2.78 metros, un ancho de 1 metro, una abertura de malla de 250 midras, una longitud de capo de 0.9 metros y una abertura de 0.5 metros",NA,chemical,formalin,10,NA,NA,NA,NA,NA,NA,neutralizado con borato de sodio; los peces menores de ~10cm; inyecto formal al 10% neutralizado con borato de sodio en los peces de mediano (de ~10 - 30 cm); see text on pages 5-6 for peces >30cm,NA,NA,,,,,,
25s,trammel net,"1 in mesh, diagonal transect (50m)",NA,chemical,formalin,10,NA,NA,chemical,formalin,10,NA,NA,NA,NA,,,,,,
25s,minnow seines,"20 ft long, 1/4 in mesh",NA,chemical,formalin,10,NA,NA,chemical,formalin,10,NA,NA,NA,NA,,,,,,
25s,minnow seines,"20 ft long, 1/8 in mesh",NA,chemical,formalin,10,NA,NA,chemical,formalin,10,NA,NA,NA,NA,,,,,,
17t,redes camaroneras comerciales,de luz malla de 1.5 pulgadas (3.18 cm),NA,chemical,formalin,10,NA,NA,NA,NA,NA,NA,inyecto el estomago,NA,NA,,,,,,
17t,redes camaroneras comerciales,de luz malla de 1.5 pulgadas (3.18 cm),NA,chemical,formalin,10,NA,NA,NA,NA,NA,NA,inyecto el estomago,NA,NA,,,,,,
15s,una red bongo,con mallas de 333 y 505 um,NA,chemical,formalin,4,NA,NA,NA,NA,NA,NA,NA,NA,NA,,,,,,
15s,una red de apertura,con mallas de 505 um y diametro de boca de 75 cm,NA,chemical,formalin,4,NA,NA,NA,NA,NA,NA,NA,NA,NA,,,,,,
12c,bag seine,15 by 1.8 m constructed of 9.6 mm stretch mesh netting,NA,chemical,formalin,20,NA,NA,chemical,isopropyl alcohol,75,NA,NA,NA,NA,,,,,,
12c,cast net,1.5 m constructed of 12.7 mm stretch mesh netting,NA,chemical,formalin,20,NA,NA,chemical,isopropyl alcohol,75,NA,NA,NA,NA,,,,,,
16r,trawl,"20 foot unlined otter trawl, 1.5 inch stretched mesh.",Towing time was approximately 20 minutes at each station.,chemical,formalin,10,NA,In seawater.,NA,NA,NA,NA,NA,NA,NA
24d,trawl,"12.2 meter semiballon, rigged with tickler chain, 2.4 m by 1.0 m wooden doors.",Towed at 3 knots. All trawls made at night.,physical,NA,NA,freezer,NA,NA,NA,NA,NA,NA,NA,NA
17b,hook and line,NA,"It is assumed that fishes used for stomach content analysis were collected by the charter boat sports fishery in the Gulf of Mexico north of Tampa, but specifically around Panama City and Destin, FL. This is the location of the king mackerel fishery from May to October, which is the time period (spring and summer) that the author indicates the stomachs were collected.",NA,NA,NA,NA,NA,NA,NA,NA,NA,NA,NA,NA
61b,hook and line,NA,Collected at 1971 Texas International Fishing Tournament,NA,NA,NA,NA,NA,NA,NA,NA,NA,NA,NA,NA
16b,NA,NA,NA,NA,NA,NA,NA,NA,NA,NA,NA,NA,NA,NA,NA
16b,NA,NA,NA,NA,NA,NA,NA,NA,NA,NA,NA,NA,NA,NA,NA
47b,trout lines,NA,NA,NA,NA,NA,NA,NA,NA,NA,NA,NA,NA,NA,NA
47b,rod and reel,NA,NA,NA,NA,NA,NA,NA,NA,NA,NA,NA,NA,NA,NA
47b,Stretched gill nets,"3, 4  and 5 in",NA,NA,NA,NA,NA,NA,NA,NA,NA,NA,NA,NA,NA
47b,Creel catch,Catch done by sports fisherman and commercial fisherman,NA,NA,NA,NA,NA,NA,NA,NA,NA,NA,NA,NA,NA
46b,Purse Seine,"Seine Net is 16,000 meshes long and 1,000 meshes wide.  Completed, the net is 1,125 ft (342.9 m) long and 85 ft (25.908 m) deep",NA,NA,NA,NA,NA,NA,NA,NA,NA,NA,NA,NA,NA
43c,NA,NA,NA,NA,NA,NA,NA,NA,NA,NA,NA,NA,NA,NA,NA
43c,NA,NA,NA,NA,NA,NA,NA,NA,NA,NA,NA,NA,NA,NA,NA
22g,multiple opening/closing net and environmental sensing system - MOCNESS,"MOCNESS was equipped with 1.0 by 1.4 m, 505 µm mesh nitex nets with 0.25 by 0.35 m, 67 µm mesh nets nested within. Larvae collected at 0600, 1200, 1800, 2400 h local time.",NA,chemical,formaldehyde buffered with sodium borate (pH > 8.0),5,NA,NA,NA,NA,NA,NA,NA,NA,NA
22g,multiple opening/closing net and environmental sensing system - MOCNESS,"MOCNESS was equipped with 1.0 by 1.4 m, 505 µm mesh nitex nets with 0.25 by 0.35 m, 67 µm mesh nets nested within. Larvae collected at 0600, 1200, 1800, 2400 h local time.",NA,chemical,formaldehyde buffered with sodium borate (pH > 8.0),5,NA,NA,NA,NA,NA,NA,NA,NA,NA
22g,multiple opening/closing net and environmental sensing system - MOCNESS,"MOCNESS was equipped with 1.0 by 1.4 m, 505 µm mesh nitex nets with 0.25 by 0.35 m, 67 µm mesh nets nested within. Larvae collected at 0600, 1200, 1800, 2400 h local time.",NA,chemical,formaldehyde buffered with sodium borate (pH > 8.0),5,NA,NA,NA,NA,NA,NA,NA,NA,NA
11m,NA,Stomachs and gonads were placed in labeled cloth bags or cheesecloth.,NA,chemical,formalin,10,NA,NA,NA,NA,NA,NA,NA,NA,NA
11m,recreational hook and line,Stomachs and gonads were placed in labeled cloth bags or cheesecloth.,NA,chemical,formalin,10,NA,NA,NA,NA,NA,NA,NA,NA,NA
11m,commercial haul seines,Stomachs and gonads were placed in labeled cloth bags or cheesecloth.,NA,chemical,formalin,10,NA,NA,NA,NA,NA,NA,NA,NA,NA
11m,recreational hook and line,Stomachs and gonads were placed in labeled cloth bags or cheesecloth.,NA,chemical,formalin,10,NA,NA,NA,NA,NA,NA,NA,NA,NA
11m,commercial haul seines,Stomachs and gonads were placed in labeled cloth bags or cheesecloth.,NA,chemical,formalin,10,NA,NA,NA,NA,NA,NA,NA,NA,NA
7m,collected from local charter boats in port,Stomachs and gonads were placed in labeled cloth bags or cheesecloth.,NA,chemical,formalin,10,NA,NA,NA,NA,NA,NA,NA,NA,NA
7m,collected from local charter boats in port,Stomachs and gonads were placed in labeled cloth bags or cheesecloth.,NA,chemical,formalin,10,NA,NA,NA,NA,NA,NA,NA,NA,NA
48s,NA,NA,NA,NA,NA,NA,NA,NA,NA,NA,NA,NA,NA,NA,NA
61s,multiple opening/closing net and environmental sensing system - MOCNESS,"MOCNESS was equipped with 1.0 by 1.4 m, 505 µm mesh nitex nets with 0.25 by 0.35 m, 67 µmmesh nets nested within. Larvae collected at 0600, 1200, 1800, 2400 h local time.",NA,chemical,formalin,5,NA,buffered,NA,NA,NA,NA,NA,NA,NA
61s,multiple opening/closing net and environmental sensing system - MOCNESS,"MOCNESS was equipped with 1.0 by 1.4 m, 505 µm mesh nitex nets with 0.25 by 0.35 m, 67 µmmesh nets nested within. Larvae collected at 0600, 1200, 1800, 2400 h local time.",NA,chemical,formalin,5,NA,buffered,NA,NA,NA,NA,NA,NA,NA
28f,spear,NA,NA,physical,NA,NA,freezer,NA,NA,NA,NA,NA,NA,NA,NA
28f,spear,NA,NA,chemical,formalin,NA,NA,NA,NA,NA,NA,NA,NA,NA,NA
28f,slurp gun,NA,NA,physical,NA,NA,freezer,NA,NA,NA,NA,NA,NA,NA,NA
28f,slurp gun,NA,NA,chemical,formalin,NA,NA,NA,NA,NA,NA,NA,NA,NA,NA
28f,hook and line,NA,NA,physical,NA,NA,freezer,NA,NA,NA,NA,NA,NA,NA,NA
28f,hook and line,NA,NA,chemical,formalin,NA,NA,NA,NA,NA,NA,NA,NA,NA,NA
28f,trapping blennies in barnacle shells,NA,NA,physical,NA,NA,NA,NA,NA,NA,NA,NA,NA,NA,NA
28f,trapping blennies in barnacle shells,NA,NA,chemical,formalin,NA,NA,NA,NA,NA,NA,NA,NA,NA,NA
36c,multiple opening/closing net and environmental sensing system - MOCNESS,"Three stations were occupied, one each at the 18, 91, and 183m isobaths along three transects (off Cape San Blas, FL; off the Mississippi Delta, LA; and off Galveston Bay, TX).",NA,chemical,formalin,5,NA,NA,NA,NA,NA,NA,NA,NA,NA
36c,multiple opening/closing net and environmental sensing system - MOCNESS,"Three stations were occupied, one each at the 18, 91, and 183m isobaths along three transects (off Cape San Blas, FL; off the Mississippi Delta, LA; and off Galveston Bay, TX).",NA,chemical,ethanol,70,NA,NA,NA,NA,NA,NA,NA,NA,NA
36c,multiple opening/closing net and environmental sensing system - MOCNESS,"Three stations were occupied, one each at the 18, 91, and 183m isobaths along three transects (off Cape San Blas, FL; off the Mississippi Delta, LA; and off Galveston Bay, TX).",NA,chemical,formalin,5,NA,NA,NA,NA,NA,NA,NA,NA,NA
36c,multiple opening/closing net and environmental sensing system - MOCNESS,"Three stations were occupied, one each at the 18, 91, and 183m isobaths along three transects (off Cape San Blas, FL; off the Mississippi Delta, LA; and off Galveston Bay, TX).",NA,chemical,ethanol,70,NA,NA,NA,NA,NA,NA,NA,NA,NA
36c,multiple opening/closing net and environmental sensing system - MOCNESS,"Three stations were occupied, one each at the 18, 91, and 183m isobaths along three transects (off Cape San Blas, FL; off the Mississippi Delta, LA; and off Galveston Bay, TX).",NA,chemical,formalin,5,NA,NA,NA,NA,NA,NA,NA,NA,NA
36c,multiple opening/closing net and environmental sensing system - MOCNESS,"Three stations were occupied, one each at the 18, 91, and 183m isobaths along three transects (off Cape San Blas, FL; off the Mississippi Delta, LA; and off Galveston Bay, TX).",NA,chemical,ethanol,70,NA,NA,NA,NA,NA,NA,NA,NA,NA
28c,NA,stomach-content analysis were performed using drum that were caught by local fishermen and those turned in at rodeos along the Mississippi Gulf coast.,NA,NA,NA,NA,NA,NA,NA,NA,NA,NA,NA,NA,NA
16m,gill net,"3 boats used - 16ft airdrive powered by a 250hp Lycoming aircraft engine for extremely shallow areas, 16ft fiberglass boat powered by a 60hp outboard motor for deeper areas, 16ft flat-bottom skiff powered by 50hp outboard motor.  5000 ft of gill nets ranged  in length between 100 and 300 feet with mesh sizes of 4, 5, and 7 inch stretch.",NA,chemical,formalin,10,NA,NA,NA,NA,NA,NA,NA,NA,NA
16m,trammel nets,2 occasions with 600 ft trammel net.,NA,chemical,formalin,10,NA,NA,NA,NA,NA,NA,NA,NA,NA
17r,Trammel nets,200 yard trammel net used,NA,NA,NA,NA,NA,Stomaches were preserved for later identification,NA,NA,NA,NA,NA,NA,NA
17r,Trawl,"Because of size selectivity of the trammel net (fish 6.0 inches or larger in length), additional sampling of smaller fish and crustaceans were collected by a 16' otter trawl and a 6' bobbinet were used. ",NA,NA,NA,NA,NA,Stomaches were preserved for later identification,NA,NA,NA,NA,NA,NA,NA
18c,NA,NA,NA,NA,NA,NA,NA,NA,NA,NA,NA,NA,NA,NA,NA
18c,NA,NA,NA,NA,NA,NA,NA,NA,NA,NA,NA,NA,NA,NA,NA
18c,NA,NA,NA,NA,NA,NA,NA,NA,NA,NA,NA,NA,NA,NA,NA
18c,NA,NA,NA,NA,NA,NA,NA,NA,NA,NA,NA,NA,NA,NA,NA
18c,NA,NA,NA,NA,NA,NA,NA,NA,NA,NA,NA,NA,NA,NA,NA
30p,Trawl,10 foot and 12 foot shrimp crawl,NA,NA,NA,NA,NA,NA,NA,NA,NA,NA,NA,NA,NA
30p,Bag Seine,"20 foot, 60 foot and 100 foot bag seine",NA,NA,NA,NA,NA,NA,NA,NA,NA,NA,NA,NA,NA
30p,Bar Seine,6 foot,NA,NA,NA,NA,NA,NA,NA,NA,NA,NA,NA,NA,NA
30p,Trammel nets,1200 foot trammel net,NA,NA,NA,NA,NA,NA,NA,NA,NA,NA,NA,NA,NA
30p,Gill net,1500 foot gill net,NA,NA,NA,NA,NA,NA,NA,NA,NA,NA,NA,NA,NA
30p,Beach seine ,900 foot beach seine,NA,NA,NA,NA,NA,NA,NA,NA,NA,NA,NA,NA,NA
30p,Rod and reel,NA,NA,NA,NA,NA,NA,NA,NA,NA,NA,NA,NA,NA,NA
30p,Plankton net,NA,NA,NA,NA,NA,NA,NA,NA,NA,NA,NA,NA,NA,NA
20d,trawl,"Fishes were collected from the Clear Lake area and its tributaries with a 3m otter  trawl. A 6mm bar mesh cover was used over the cod end or the trawl during some of the sampling to capture post larval fish, many of which were less than 15mm in length. The larger bar of mesh of the trawl  19mm and 13 mm in the body and length . The larger bar of mesh of trawl, 19 mm and 13mm in the body and cod end, respectively, permitted many of the smaller fish to escape when the cover was not used.",NA,physical,NA,NA,ice,NA,NA,NA,NA,NA,NA,NA,NA
20d,trawl,"Fishes were collected from the Clear Lake area and its tributaries with a 3m otter  trawl. A 6mm bar mesh cover was used over the cod end or the trawl during some of the sampling to capture post larval fish, many of which were less than 15mm in length. The larger bar of mesh of the trawl  19mm and 13 mm in the body and length . The larger bar of mesh of trawl, 19 mm and 13mm in the body and cod end, respectively, permitted many of the smaller fish to escape when the cover was not used.",NA,physical,NA,NA,ice,NA,NA,NA,NA,NA,NA,NA,NA
49s,NA,NA,NA,NA,NA,NA,NA,NA,NA,NA,NA,NA,NA,NA,NA
42s,NA,NA,NA,NA,NA,NA,NA,NA,NA,NA,NA,NA,NA,NA,NA
42s,NA,NA,NA,NA,NA,NA,NA,NA,NA,NA,NA,NA,NA,NA,NA
37c,Trawl,10 foot trawl,Sampling time was usually 5 minutes,NA,NA,NA,NA,NA,NA,NA,NA,NA,NA,NA,NA
38c,Trammel net,600 feet by 4 feet deep of 2 1/2 stretch mesh nets were used to collect fish for tagging.  ,"The ""strike"" method used for obtaining fish.",NA,NA,NA,NA,NA,NA,NA,NA,NA,NA,NA,NA
12d,Trawl,NA,NA,NA,NA,NA,NA,NA,NA,NA,NA,NA,NA,NA,NA
12d,Trammel Net,NA,NA,NA,NA,NA,NA,NA,NA,NA,NA,NA,NA,NA,NA
12d,Seine,NA,NA,NA,NA,NA,NA,NA,NA,NA,NA,NA,NA,NA,NA
12d,Hook and line,NA,NA,NA,NA,NA,NA,NA,NA,NA,NA,NA,NA,NA,NA
12d,Push Net,NA,NA,NA,NA,NA,NA,NA,NA,NA,NA,NA,NA,NA,NA
34b,NA,NA,NA,NA,NA,NA,NA,NA,NA,NA,Gill Net,NA,NA,NA,NA
46b,NA,NA,NA,NA,NA,NA,NA,NA,NA,NA,Purse Seine,"Sein Net is 16,000 meshes long and 1,000 meshes wide.  Completed, the net is 1,125 ft (342.9 m) long and 85 ft (25.908 m) deep",NA,NA,NA
51b,chemical,formalin,10,NA,digestive tract contents were preserved in 70% ethyl alcohol,NA,NA,NA,NA,NA,Issacs Kidd Mid-water trawl,NA,NA,NA,NA
51b,chemical,formalin,10,NA,digestive tract contents were preserved in 70% ethyl alcohol,NA,NA,NA,NA,NA,Benthic Skimmer,NA,NA,NA,NA
4d,chemical,Alkaline formalin,NA,NA,Perserved shortly after capture,NA,NA,NA,NA,NA,Trawls,Injections of Alkaline formalin method (borax solution) into the lumen shortly after capture was proven ineffective  and was abandoned. ,NA,NA,NA
4d,chemical,Alkaline formalin,NA,NA,Perserved shortly after capture,NA,NA,NA,NA,NA,Seines,Injections of Alkaline formalin method (borax solution) into the lumen shortly after capture was proven ineffective  and was abandoned. ,NA,NA,NA
10d,chemical,formalin,10,NA,NA,NA,NA,NA,NA,NA,hook and line,caught by sport fishermen,NA,NA,NA
10d,chemical,formalin,10,NA,NA,NA,NA,NA,NA,NA,hook and line,caught by sport fishermen,NA,NA,NA
20d,physical,NA,NA,ice,NA,NA,NA,NA,NA,NA,trawl,"Fishes were collected from the Clear Lake area and its tributaries with a 3m otter  trawl. A 6mm bar mesh cover was used over the cod end or the trawl during some of the sampling to capture post larval fish, many of which were less than 15mm in length. The larger bar of mesh of the trawl  19mm and 13 mm in the body and length . The larger bar of mesh of trawl, 19 mm and 13mm in the body and cod end, respectively, permitted many of the smaller fish to escape when the cover was not used.",NA,NA,NA
20d,physical,NA,NA,ice,NA,NA,NA,NA,NA,NA,trawl,"Fishes were collected from the Clear Lake area and its tributaries with a 3m otter  trawl. A 6mm bar mesh cover was used over the cod end or the trawl during some of the sampling to capture post larval fish, many of which were less than 15mm in length. The larger bar of mesh of the trawl  19mm and 13 mm in the body and length . The larger bar of mesh of trawl, 19 mm and 13mm in the body and cod end, respectively, permitted many of the smaller fish to escape when the cover was not used.",NA,NA,NA
20d,physical,NA,NA,ice,NA,NA,NA,NA,NA,NA,trawl,"Fishes were collected from the Clear Lake area and its tributaries with a 3m otter  trawl. A 6mm bar mesh cover was used over the cod end or the trawl during some of the sampling to capture post larval fish, many of which were less than 15mm in length. The larger bar of mesh of the trawl  19mm and 13 mm in the body and length . The larger bar of mesh of trawl, 19 mm and 13mm in the body and cod end, respectively, permitted many of the smaller fish to escape when the cover was not used.",NA,NA,NA
23d,chemical,formalin,10,NA,NA,NA,NA,NA,NA,NA,trawl,NA,NA,NA,NA
23d,chemical,formalin,10,NA,NA,NA,NA,NA,NA,NA,trawl,NA,NA,NA,NA
11f,chemical,formalin,10,NA,NA,NA,NA,NA,NA,NA,trammel nets,"Sport fish and other fin-fishes were sampled with the 200 yard trammel net (5 feet deep, 1 1/4 inch mesh square, 2 1/2 inch mesh stretched) from five areas in the Biloxi Marsh. ",NA,NA,NA
11f,chemical,formalin,10,NA,NA,NA,NA,NA,NA,NA,trammel nets,"Sport fish and other fin-fishes were sampled with the 200 yard trammel net (5 feet deep, 1 1/4 inch mesh square, 2 1/2 inch mesh stretched) from five areas in the Biloxi Marsh. ",NA,NA,NA
5g,chemical,neutral buffered formalin in sea water,10,NA,Narcotized with isotonic magnesium sulfate if necessary,NA,NA,NA,NA,NA,trawl,"Megafauna sampling was performed with a standard 9 m, semi-balloon otter trawl with 60 cm steel doors, 3.8 cm stretch mesh, and 1.3 cm cod end mesh. Target trawling times were one hour at stations shallower than 1300 m, and two or more hours at deeper stations.",NA,NA,NA
5g,chemical,neutral buffered formalin in sea water,10,NA,Narcotized with isotonic magnesium sulfate if necessary,NA,NA,NA,NA,NA,trawl,"Megafauna sampling was performed with a standard 9 m, semi-balloon otter trawl with 60 cm steel doors, 3.8 cm stretch mesh, and 1.3 cm cod end mesh. Target trawling times were one hour at stations shallower than 1300 m, and two or more hours at deeper stations.",NA,NA,NA
5g,chemical,neutral buffered formalin in sea water,10,NA,Narcotized with isotonic magnesium sulfate if necessary,NA,NA,NA,NA,NA,trawl,"Megafauna sampling was performed with a standard 9 m, semi-balloon otter trawl with 60 cm steel doors, 3.8 cm stretch mesh, and 1.3 cm cod end mesh. Target trawling times were one hour at stations shallower than 1300 m, and two or more hours at deeper stations.",NA,NA,NA
28g,NA,NA,NA,NA,All species were killed and towed to dock for measurements and dissections,NA,NA,NA,NA,NA,Hook and line,Hooks were baited sith stingray fin,NA,NA,NA
28g,NA,NA,NA,NA,All species were killed and towed to dock for measurements and dissections,NA,NA,NA,NA,NA,Harpoon,NA,NA,NA,NA
32g,NA,NA,NA,NA,NA,NA,NA,NA,NA,NA,minnow seine,Measured 50 ft long with reinforced webbing in the middle. The mesh was approximately 1/3 in stretched. A total of 178 hauls in 3 locations.,NA,NA,NA
32g,NA,NA,NA,NA,NA,NA,NA,NA,NA,NA,otter trawl,"Regular otter trawl net as is used in the shrimp fishery, except it was somewhat smaller. It had a wingspread of 30ft at the mouth and a mesh of 1 1/2 in stretched. A total of 109 hauls in 3 locations.",NA,NA,NA
32g,NA,NA,NA,NA,NA,NA,NA,NA,NA,NA,trammel nets,Net was 1200 ft long and was used with the net skiff.  The depth of the net was 4 ft. The mesh was 1 3/4 in stretched. A total of 114 hauls in 2 locations.,NA,NA,NA
32g,NA,NA,NA,NA,NA,NA,NA,NA,NA,NA,beach seine,Seine was 300 ft in length. The mesh was 2 in stretched and the depth of the net was 3 ft. A total of 23 seins made.,NA,NA,NA
4h,NA,NA,NA,NA,NA,NA,NA,NA,NA,NA,Hand nets,NA,NA,NA,NA
4h,NA,NA,NA,NA,NA,NA,NA,NA,NA,NA,Fish traps,NA,NA,NA,NA
4h,NA,NA,NA,NA,NA,NA,NA,NA,NA,NA,Spears,NA,NA,NA,NA
4h,NA,NA,NA,NA,NA,NA,NA,NA,NA,NA,Angling,NA,NA,NA,NA
4h,NA,NA,NA,NA,NA,NA,NA,NA,NA,NA,Rotenone treatment,NA,NA,NA,NA
15h,NA,NA,NA,NA,NA,NA,NA,NA,NA,NA,otter trawl,NA,NA,NA,NA
13l,chemical,formalin,10,NA,unbuffered,NA,NA,NA,NA,NA,seines,"3 different seines - 1) A 3m, 4.3mm mesh, straight seine;  2) A 10.7m, 12.7mm mesh bag seine; 3) A 45.7m, 12.7mm bag seine",NA,NA,NA
13l,chemical,formalin,10,NA,unbuffered,NA,NA,NA,NA,NA,trawls,"3 different trawls - 1) a 4.9m, 19.1mm mesh trawl; 2) a 2.4m, 19.1mm mesh trawl; 3) a 9.1m, 19.1mm mesh trawl. Trawling speed was a constant 2000 rpm and duration was 0.5 hr.",NA,NA,NA
13l,chemical,formalin,10,NA,unbuffered,NA,NA,NA,NA,NA,stationary nets,"set at 5 stations (1, 4, 6, 8, 10) around the lake. 2 types used - 1)91.4m gill net, 1.8m deep, made up of 4, 22.85m sections. Mesh sizes were (bar measurment) 25.4mm, 50.8mm, 76.2mm, and 101.6mm.  2) a 91.4m, 1.8m deep trammel net. Inner net mesh was 38.1mm, outer mesh was 254mm. Set for a standard period of 240 min (4 hr).",NA,NA,NA
13l,chemical,formalin,10,NA,unbuffered,NA,NA,NA,NA,NA,electroshocker,an aluminum bateau with a gas-powered D.C. generator was used at certain areas of the marsh stations to supplement the regular collections in an attempt to overcome some of the adverse conditions that made the normal techniques inadequate.,NA,NA,NA
13l,chemical,formalin,10,NA,unbuffered,NA,NA,NA,NA,NA,dipnets,"2 sizes - 4.8mm, 6.4mm",NA,NA,NA
9n,NA,NA,NA,NA,NA,NA,NA,NA,NA,NA,NA,NA,NA,NA,NA
4p,NA,NA,NA,NA,NA,NA,NA,NA,NA,NA,Experimental Seine,Seines ranging from 480 ft long by 3 deep with 1/2 inch to 1 1/2 inch mesh,NA,NA,NA
4p,NA,NA,NA,NA,NA,NA,NA,NA,NA,NA,Commercial drag seine,600 feet long by 5 feet deep with 1 inch and 1 1/2 ich mesh,NA,NA,NA
4p,NA,NA,NA,NA,NA,NA,NA,NA,NA,NA,Peterson trawl,1/4 mesh ,NA,NA,NA
4p,NA,NA,NA,NA,NA,NA,NA,NA,NA,NA,Ring tow nets,9 feet long and 3 feet deep,NA,NA,NA
4p,NA,NA,NA,NA,NA,NA,NA,NA,NA,NA,Gill net,Nets ranging from 300 to 450 feet long to 5 feet and 6 feet deep,NA,NA,NA
4p,NA,NA,NA,NA,NA,NA,NA,NA,NA,NA,Trammel net,400 feet long by 10 feet deep ,NA,NA,NA
4p,NA,NA,NA,NA,NA,NA,NA,NA,NA,NA,Commercial shrimp trawl,40 feet long by 35 feet deep,NA,NA,NA
2r,physical,NA,NA,freezer,NA,NA,NA,NA,NA,NA,Benthic Skimmer,"20 m net designed by Dr. W.E. Pequegnat (Pequegnat et al., 1970). The mouth opening was 3m.",NA,NA,NA
2r,chemical,formalin,10,NA,NA,NA,NA,NA,NA,NA,Benthic Skimmer,"20 m net designed by Dr. W.E. Pequegnat (Pequegnat et al., 1970). The mouth opening was 3m.",NA,NA,NA
2r,physical,NA,NA,freezer,for larger fish,NA,NA,NA,NA,NA,Benthic Skimmer,"21 m net designed by Dr. W.E. Pequegnat (Pequegnat et al., 1970). The mouth opening was 3m.",NA,NA,NA
2r,physical,NA,NA,freezer,NA,NA,NA,NA,NA,NA,Trawl,"The mouth of the 20m otter trawl was estimated as 12m (Mukai, 1974).  The rate of tow was between 1.5 and 2 knots (Pequegnat, personal communication).",NA,NA,NA
2r,chemical,formalin,10,NA,NA,NA,NA,NA,NA,NA,Trawl,"The mouth of the 20m otter trawl was estimated as 12m (Mukai, 1974).  The rate of tow was between 1.5 and 2 knots (Pequegnat, personal communication).",NA,NA,NA
2r,chemical,formalin injection into body cavity,NA,NA,for larger fish,NA,NA,NA,NA,NA,Trawl,"The mouth of the 20m otter trawl was estimated as 12m (Mukai, 1974).  The rate of tow was between 1.5 and 2 knots (Pequegnat, personal communication).",NA,NA,NA
5r,NA,NA,NA,NA,NA,NA,NA,NA,NA,NA,otter trawl,A standard otter trawl with a 10-ft opening. The otter boards were 10x24 inches in size. The wings of the trawl net were netting with a mesh size of 7/8 in on the side or 1 3/4 in stretched measure. The cod end was made of heavy twine with a mesh size of 1/2 in on the side or 1 in stretched. An inner liner was inserted inside the cod end. The mesh of the liner measured 3/16 in on the side or 3/8 in stretched. Trawl tows were made both in straight lines and in circles and were timed to 10 min duration.,NA,NA,NA
5r,NA,NA,NA,NA,NA,NA,NA,NA,NA,NA,minnow seine,"Seine net had a mesh size of 3/8 in on the side or 3/4 in stretched. Seining started at a depth of approx. 4 ft, stretched parallel to shore and pulled straight in.",NA,NA,NA
5r,NA,NA,NA,NA,NA,NA,NA,NA,NA,NA,bag seine,Net was 20 ft. The mesh was 1/4 in on the side or 1/2 in stretched.,NA,NA,NA
5r,NA,NA,NA,NA,NA,NA,NA,NA,NA,NA,trammel nets,"Trammel net was 1200 ft long.2 methods used: playing the net out of a skiff parallel to shore then creating a disturbance to cause fish to swim into net. Method 2: ""cork-screwing"" the net - playing the net out in a circle, leaving the end in the skiff. One person continues to pull the leading end of the net around at the same time decreasing the diameter of circle while helpers feed other end into the boat.",NA,NA,NA
5r,NA,NA,NA,NA,NA,NA,NA,NA,NA,NA,Hook and line,NA,NA,NA,NA
35r,chemical,formalin,10,NA,buffered,NA,NA,NA,NA,NA,otter trawl,"5-meter (1.9 cm mesh wing and body, 0.6 cm mesh liner). Seven 2min trawl-tows (at 2-3 knots) were taken at each station both day and night. ",NA,NA,NA
35r,chemical,formalin,10,NA,buffered,NA,NA,NA,NA,NA,trammel nets,Larger fishes ( >3000 SL) were taken with a 100 meter nylon trammel net.,NA,NA,NA
26s,chemical,formalin,10,NA,NA,NA,NA,NA,NA,NA,Trammel nets,"Tammel nets (1"" mesh) set at depths ranging from 1/2 meters to slightly over 1 and a half meters in two areas and at a depth of 1/2 meter or less in the third area. ",NA,NA,NA
76s,NA,NA,NA,NA,NA,NA,NA,NA,NA,NA,Trawl,"38 drags were done. Trawling time varied from 8 to 61 min, with 15 min as the usual time.",NA,NA,NA
76s,NA,NA,NA,NA,NA,NA,NA,NA,NA,NA,seine,16 seines were conducted in the shallow water along the north shore of the lake.,NA,NA,NA
76s,NA,NA,NA,NA,NA,NA,NA,NA,NA,NA,Trawl,"38 drags were done. Trawling time varied from 8 to 61 min, with 15 min as the usual time.",NA,NA,NA
76s,NA,NA,NA,NA,NA,NA,NA,NA,NA,NA,seine,16 seines were conducted in the shallow water along the north shore of the lake.,NA,NA,NA
76s,NA,NA,NA,NA,NA,NA,NA,NA,NA,NA,trawl,"38 drags were done. Trawling time varied from 8 to 61 min, with 15 min as the usual time.",NA,NA,NA
76s,NA,NA,NA,NA,NA,NA,NA,NA,NA,NA,seine,16 seines were conducted in the shallow water along the north shore of the lake.,NA,NA,NA
79s,NA,NA,NA,NA,NA,NA,NA,NA,NA,NA,Trawl,"20 drags done with a 22 ft. trawl, 3/4 in bar mesh with soc, 3/8 in bar mesh.  11 drags done with a 35 ft trawl, 3/4 in bar mesh. Trawling time varied from 8 to 30 min, with 15 min as the usual time.",NA,NA,NA
79s,NA,NA,NA,NA,NA,NA,NA,NA,NA,NA,seine,11 seines were conducted in the shallow water along the north shore of the lake.,NA,NA,NA
79s,NA,NA,NA,NA,NA,NA,NA,NA,NA,NA,Trawl,"20 drags done with a 22 ft. trawl, 3/4 in bar mesh with soc, 3/8 in bar mesh.  11 drags done with a 35 ft trawl, 3/4 in bar mesh. Trawling time varied from 8 to 30 min, with 15 min as the usual time.",NA,NA,NA
79s,NA,NA,NA,NA,NA,NA,NA,NA,NA,NA,seine,11 seines were conducted in the shallow water along the north shore of the lake.,NA,NA,NA
79s,NA,NA,NA,NA,NA,NA,NA,NA,NA,NA,trawl,"20 drags done with a 22 ft. trawl, 3/4 in bar mesh with soc, 3/8 in bar mesh.  11 drags done with a 35 ft trawl, 3/4 in bar mesh. Trawling time varied from 8 to 30 min, with 15 min as the usual time.",NA,NA,NA
79s,NA,NA,NA,NA,NA,NA,NA,NA,NA,NA,seine,11 seines were conducted in the shallow water along the north shore of the lake.,NA,NA,NA
8w,chemical,formalin,10,NA,transferred to 40% isopropanol,NA,NA,NA,NA,NA,surface trawl,"Surface trawl - airboat pulled a net with a body mesh of 0.6cm (bar) and knitted circular cod mesh of 0.3cm (diameter), between two stakes set 400m apart in each of the eight ponds.  ",NA,NA,NA
8w,chemical,formalin,10,NA,transferred to 40% isopropanol,NA,NA,NA,NA,NA,otter trawl,Bottom trawl - airboat pulled a 7.6m otter trawl with body mesh of 1.6cm (bar) and cod mesh of 1.4cm (bar) along the same transects as the surfac e trawl.,NA,NA,NA
8w,chemical,formalin,10,NA,transferred to 40% isopropanol,NA,NA,NA,NA,NA,surface trawl,"Surface trawl - airboat pulled a net with a body mesh of 0.6cm (bar) and knitted circular cod mesh of 0.3cm (diameter), between two stakes set 400m apart in each of the eight ponds. ",NA,NA,NA
8w,chemical,formalin,10,NA,transferred to 40% isopropanol,NA,NA,NA,NA,NA,otter trawl, Bottom trawl - airboat pulled a 7.6m otter trawl with body mesh of 1.6cm (bar) and cod mesh of 1.4cm (bar) along the same transects as the surfac e trawl.,NA,NA,NA
